{"pages":[{"pageName":"contractExample","fullPath":"./app/project/components/pages/contract-example/","fileName":"contract-example.html","standAloneView":false,"pageProperties":{"class":""},"navigation":{"sequence":8,"label":"contractexample","isI18nLabel":false,"iconClass":"","iconUrl":"./app/project/assets/img/navigation/page.svg","iconPosition":"bottom"}},{"pageName":"joinExample","fullPath":"./app/project/components/pages/join-example/","fileName":"join-example.html","standAloneView":false,"pageProperties":{"class":""},"navigation":{"sequence":7,"label":"joinexample","isI18nLabel":false,"iconClass":"","iconUrl":"./app/project/assets/img/navigation/page.svg","iconPosition":"bottom"}}],"widgets":[]}
